"UniprotID.TF","Name.TF","total_targets","deg_targets","prop_deg","contrast","index"
"G5ED89","dcp-66",1,1,1,"N2_TR_vs_UN",1
"G5EGN8","nhr-27",1,1,1,"N2_TR_vs_UN",1
"H2KYD3","-",1,1,1,"N2_TR_vs_UN",1
"Q09477","dpff-1",1,1,1,"N2_TR_vs_UN",1
"Q19306","-",1,1,1,"N2_TR_vs_UN",1
"O02224","ceh-79",3,2,0.666666666666667,"N2_TR_vs_UN",1.33333333333333
"Q9NAG7","ztf-22",5,3,0.6,"N2_TR_vs_UN",1.8
"O45521","nhr-111",2,1,0.5,"N2_TR_vs_UN",0.5
"Q9BLC4","sdz-12",8,4,0.5,"N2_TR_vs_UN",2
"Q23272","atfs-1",11,5,0.454545454545455,"N2_TR_vs_UN",2.27272727272727
"Q21148","zip-2",196,88,0.448979591836735,"N2_TR_vs_UN",39.5102040816327
"P41846","mml-1",54,24,0.444444444444444,"N2_TR_vs_UN",10.6666666666667
"P91306","cey-2",82,34,0.414634146341463,"N2_TR_vs_UN",14.0975609756098
"O44498","set-9",10,4,0.4,"N2_TR_vs_UN",1.6
"Q22798","-",5,2,0.4,"N2_TR_vs_UN",0.8
"Q7YWZ7","-",10,4,0.4,"N2_TR_vs_UN",1.6
"G5EGF8","tlp-1",66,26,0.393939393939394,"N2_TR_vs_UN",10.2424242424242
"Q9NAD6","sta-1",272,106,0.389705882352941,"N2_TR_vs_UN",41.3088235294118
"Q45EK2","ceh-60",4137,1572,0.379985496736766,"N2_TR_vs_UN",597.337200870196
"Q18909","cebp-1",956,355,0.371338912133891,"N2_TR_vs_UN",131.825313807531
"Q966L3","akir-1",11,4,0.363636363636364,"N2_TR_vs_UN",1.45454545454545
"Q9XVS4","dao-5",11,4,0.363636363636364,"N2_TR_vs_UN",1.45454545454545
"Q9N5D6","unc-62",2341,848,0.362238359675352,"N2_TR_vs_UN",307.178129004699
"Q10655","elt-2",3333,1206,0.361836183618362,"N2_TR_vs_UN",436.374437443744
"G5EFY7","pqm-1",4462,1582,0.354549529359032,"N2_TR_vs_UN",560.897355445988
"A0A131MCL4","die-1",37,13,0.351351351351351,"N2_TR_vs_UN",4.56756756756757
"Q23096","tofu-5",40,14,0.35,"N2_TR_vs_UN",4.9
"Q17905","nhr-28",4177,1449,0.346899688771846,"N2_TR_vs_UN",502.657649030405
"G5EEH5","mxl-1",3,1,0.333333333333333,"N2_TR_vs_UN",0.333333333333333
"O16749","ceh-83",3,1,0.333333333333333,"N2_TR_vs_UN",0.333333333333333
"P22980","hlh-1",3,1,0.333333333333333,"N2_TR_vs_UN",0.333333333333333
"P34333","gei-8",3,1,0.333333333333333,"N2_TR_vs_UN",0.333333333333333
"Q22289","tbx-9",3,1,0.333333333333333,"N2_TR_vs_UN",0.333333333333333
"G5ECG2","fos-1",4528,1501,0.331492932862191,"N2_TR_vs_UN",497.570892226148
"Q965W2","nhr-86",236,77,0.326271186440678,"N2_TR_vs_UN",25.1228813559322
"Q22190","sma-9",3394,1077,0.317324690630524,"N2_TR_vs_UN",341.758691809075
"O16850","daf-16",5919,1863,0.314749113025849,"N2_TR_vs_UN",586.377597567157
"G5EFF5","daf-12",35,11,0.314285714285714,"N2_TR_vs_UN",3.45714285714286
"P26797","ceh-19",16,5,0.3125,"N2_TR_vs_UN",1.5625
"O61845","chd-7",29,9,0.310344827586207,"N2_TR_vs_UN",2.79310344827586
"G5ECU7","1-Jun",1918,582,0.303441084462982,"N2_TR_vs_UN",176.602711157456
"Q9XUK7","nhr-85",565,171,0.302654867256637,"N2_TR_vs_UN",51.7539823008849
"O02316","nhr-77",3645,1103,0.302606310013717,"N2_TR_vs_UN",333.77475994513
"Q93779","gmeb-2",20,6,0.3,"N2_TR_vs_UN",1.8
"Q9XTB5","lem-2",20,6,0.3,"N2_TR_vs_UN",1.8
"P91437","-",57,17,0.298245614035088,"N2_TR_vs_UN",5.07017543859649
"P34474","hlh-11",1422,419,0.294655414908579,"N2_TR_vs_UN",123.460618846695
"G5EG44","mdl-1",2557,751,0.293703558858037,"N2_TR_vs_UN",220.571372702386
"Q17381","pha-4",5634,1648,0.292509762158324,"N2_TR_vs_UN",482.056088036919
"Q18711","mxl-3",279,80,0.28673835125448,"N2_TR_vs_UN",22.9390681003584
"Q17561","aly-1",7,2,0.285714285714286,"N2_TR_vs_UN",0.571428571428571
"Q18508","mel-28",7,2,0.285714285714286,"N2_TR_vs_UN",0.571428571428571
"Q18612","hnd-1",21,6,0.285714285714286,"N2_TR_vs_UN",1.71428571428571
"P34707","skn-1",2839,800,0.281789362451567,"N2_TR_vs_UN",225.431489961254
"Q93560","blmp-1",4480,1237,0.276116071428571,"N2_TR_vs_UN",341.555580357143
"Q93727","sptf-1",29,8,0.275862068965517,"N2_TR_vs_UN",2.20689655172414
"G5EBF1","sax-3",1962,537,0.273700305810398,"N2_TR_vs_UN",146.977064220183
"G5EFJ4","capg-1",308,83,0.269480519480519,"N2_TR_vs_UN",22.3668831168831
"O01819","tofu-4",15,4,0.266666666666667,"N2_TR_vs_UN",1.06666666666667
"A5JYV4","nhr-129",2251,597,0.265215459795646,"N2_TR_vs_UN",158.333629498001
"Q21446","lin-14",2897,766,0.26441146013117,"N2_TR_vs_UN",202.539178460476
"Q19345","nhr-25",2568,677,0.263629283489097,"N2_TR_vs_UN",178.477024922118
"G5EGD2","hif-1",834,219,0.262589928057554,"N2_TR_vs_UN",57.5071942446043
"Q94407","nhr-48",149,39,0.261744966442953,"N2_TR_vs_UN",10.2080536912752
"Q09228","egl-27",1648,430,0.260922330097087,"N2_TR_vs_UN",112.196601941748
"Q9U299","xrn-2",1997,521,0.260891337005508,"N2_TR_vs_UN",135.92438657987
"Q10902","nhr-2",330,86,0.260606060606061,"N2_TR_vs_UN",22.4121212121212
"Q20060","smc-4",50,13,0.26,"N2_TR_vs_UN",3.38
"P41828","nhr-23",3483,905,0.25983347688774,"N2_TR_vs_UN",235.149296583405
"Q09565","nhr-20",1839,477,0.259380097879282,"N2_TR_vs_UN",123.724306688418
"G5EDT1","lin-35",4459,1156,0.259250953128504,"N2_TR_vs_UN",299.694101816551
"G5EDU4","eor-1",1144,296,0.258741258741259,"N2_TR_vs_UN",76.5874125874126
"Q9U2M1","dpy-28",675,174,0.257777777777778,"N2_TR_vs_UN",44.8533333333333
"Q09249","-",35,9,0.257142857142857,"N2_TR_vs_UN",2.31428571428571
"G5EFT5","hsf-1",1197,306,0.255639097744361,"N2_TR_vs_UN",78.2255639097744
"P34670","snu-23",3781,960,0.253901084369214,"N2_TR_vs_UN",243.745040994446
"G5EGE9","dpy-26",481,122,0.253638253638254,"N2_TR_vs_UN",30.9438669438669
"Q23294","nhr-11",1065,270,0.253521126760563,"N2_TR_vs_UN",68.4507042253521
"P28515","elt-1",1618,408,0.252163164400494,"N2_TR_vs_UN",102.882571075402
"P48996","dpy-27",1786,448,0.250839865621501,"N2_TR_vs_UN",112.376259798432
"P41829","nhr-6",2483,622,0.250503423278292,"N2_TR_vs_UN",155.813129279098
"Q10938","-",4,1,0.25,"N2_TR_vs_UN",0.25
"Q18533","mls-2",8,2,0.25,"N2_TR_vs_UN",0.5
"Q18590","hlh-15",8,2,0.25,"N2_TR_vs_UN",0.5
"Q18605","athp-1",20,5,0.25,"N2_TR_vs_UN",1.25
"Q09591","mix-1",309,77,0.249190938511327,"N2_TR_vs_UN",19.1877022653722
"O01441","-",157,39,0.248407643312102,"N2_TR_vs_UN",9.68789808917198
"P45968","cec-3",153,38,0.248366013071895,"N2_TR_vs_UN",9.43790849673203
"Q20448","ztf-7",916,227,0.247816593886463,"N2_TR_vs_UN",56.2543668122271
"Q21502","mep-1",3342,828,0.247755834829443,"N2_TR_vs_UN",205.141831238779
"G5EDE1","pag-3",101,25,0.247524752475248,"N2_TR_vs_UN",6.18811881188119
"P46505","zip-8",1094,270,0.246800731261426,"N2_TR_vs_UN",66.636197440585
"G5EEG1","nfya-1",4434,1094,0.246729815065404,"N2_TR_vs_UN",269.922417681552
"Q18955","unc-120",53,13,0.245283018867925,"N2_TR_vs_UN",3.18867924528302
"P45896","sma-3",1429,345,0.241427571728481,"N2_TR_vs_UN",83.2925122463261
"P32085","tbp-1",632,152,0.240506329113924,"N2_TR_vs_UN",36.5569620253165
"P91868","snpc-4",4493,1080,0.240373914978856,"N2_TR_vs_UN",259.603828177164
"P34706","sdc-3",930,223,0.239784946236559,"N2_TR_vs_UN",53.4720430107527
"Q9N5S3","lsy-2",4272,1022,0.239232209737828,"N2_TR_vs_UN",244.49531835206
"P10038","mab-5",3049,726,0.238110856018367,"N2_TR_vs_UN",172.868481469334
"P34326","ceh-16",1492,353,0.236595174262735,"N2_TR_vs_UN",83.5180965147453
"Q65ZG8","lin-42",1032,244,0.236434108527132,"N2_TR_vs_UN",57.6899224806202
"D0VWM8","tdp-1",3020,712,0.235761589403974,"N2_TR_vs_UN",167.862251655629
"Q965P0","-",17,4,0.235294117647059,"N2_TR_vs_UN",0.941176470588235
"Q9XWL0","-",17,4,0.235294117647059,"N2_TR_vs_UN",0.941176470588235
"P34708","tra-1",1968,463,0.235264227642276,"N2_TR_vs_UN",108.927337398374
"Q9GTD4","nhr-71",2388,558,0.233668341708543,"N2_TR_vs_UN",130.386934673367
"O02219","aha-1",899,210,0.233592880978865,"N2_TR_vs_UN",49.0545050055617
"Q9XV35","madf-2",30,7,0.233333333333333,"N2_TR_vs_UN",1.63333333333333
"G5EE18","ceh-28",1066,248,0.232645403377111,"N2_TR_vs_UN",57.6960600375235
"Q9U325","mef-2",1163,270,0.232158211521926,"N2_TR_vs_UN",62.68271711092
"Q18299","nhr-43",1337,309,0.231114435302917,"N2_TR_vs_UN",71.4143605086013
"H2L008","ztf-16",26,6,0.230769230769231,"N2_TR_vs_UN",1.38461538461538
"G5EFQ5","rnt-1",2823,647,0.229188806234502,"N2_TR_vs_UN",148.285157633723
"O16748","ceh-82",3027,693,0.228939544103072,"N2_TR_vs_UN",158.655104063429
"O17208","gmeb-1",2638,601,0.227824109173616,"N2_TR_vs_UN",136.922289613343
"O17025","nhr-90",1137,257,0.226033421284081,"N2_TR_vs_UN",58.0905892700088
"P17486","egl-5",1454,328,0.225584594222834,"N2_TR_vs_UN",73.9917469050894
"G5ECR9","unc-55",4049,906,0.223758952827859,"N2_TR_vs_UN",202.72561126204
"Q9TZI2","ztf-4",609,136,0.223316912972085,"N2_TR_vs_UN",30.3711001642036
"O17514","mes-2",3419,763,0.223164668031588,"N2_TR_vs_UN",170.274641708102
"Q19787","bed-3",9,2,0.222222222222222,"N2_TR_vs_UN",0.444444444444444
"Q9BIB8","imb-1",18,4,0.222222222222222,"N2_TR_vs_UN",0.888888888888889
"Q95XZ5","pqn-85",480,106,0.220833333333333,"N2_TR_vs_UN",23.4083333333333
"Q22703","dpl-1",4646,1024,0.220404649160568,"N2_TR_vs_UN",225.694360740422
"P41999","nhr-10",334,73,0.218562874251497,"N2_TR_vs_UN",15.9550898203593
"Q27395","lin-15B",3207,700,0.218272528843156,"N2_TR_vs_UN",152.790770190209
"Q10666","pop-1",23,5,0.217391304347826,"N2_TR_vs_UN",1.08695652173913
"Q95PV7","tftc-3",290,63,0.217241379310345,"N2_TR_vs_UN",13.6862068965517
"P46581","cnd-1",83,18,0.216867469879518,"N2_TR_vs_UN",3.90361445783133
"G5EFF4","sem-4",1495,324,0.216722408026756,"N2_TR_vs_UN",70.2180602006689
"O17862","lir-3",1064,230,0.216165413533835,"N2_TR_vs_UN",49.718045112782
"O44743","let-607",339,73,0.215339233038348,"N2_TR_vs_UN",15.7197640117994
"G5EF11","efl-1",4282,920,0.214852872489491,"N2_TR_vs_UN",197.664642690332
"G5EBZ4","let-418",219,47,0.214611872146119,"N2_TR_vs_UN",10.0867579908676
"P34684","lin-39",2421,519,0.214374225526642,"N2_TR_vs_UN",111.260223048327
"Q19691","tbx-2",2188,469,0.214351005484461,"N2_TR_vs_UN",100.530621572212
"Q09534","-",84,18,0.214285714285714,"N2_TR_vs_UN",3.85714285714286
"Q19723","-",112,24,0.214285714285714,"N2_TR_vs_UN",5.14285714285714
"Q65CM0","nhr-76",380,81,0.213157894736842,"N2_TR_vs_UN",17.2657894736842
"Q95Y84","hcp-6",1586,337,0.212484237074401,"N2_TR_vs_UN",71.6071878940731
"Q94361","gei-17",33,7,0.212121212121212,"N2_TR_vs_UN",1.48484848484848
"Q21955","mdt-15",1153,244,0.211621856027754,"N2_TR_vs_UN",51.6357328707719
"Q94398","ceh-8",270,57,0.211111111111111,"N2_TR_vs_UN",12.0333333333333
"O17646","-",2778,585,0.210583153347732,"N2_TR_vs_UN",123.191144708423
"P34545","cbp-1",1434,300,0.209205020920502,"N2_TR_vs_UN",62.7615062761506
"Q09604","vab-15",24,5,0.208333333333333,"N2_TR_vs_UN",1.04166666666667
"Q9XVJ1","nhr-102",236,49,0.207627118644068,"N2_TR_vs_UN",10.1737288135593
"Q17922","sox-4",285,59,0.207017543859649,"N2_TR_vs_UN",12.2140350877193
"G5EBU4","zag-1",929,192,0.206673842841765,"N2_TR_vs_UN",39.6813778256189
"G5ED66","pax-3",63,13,0.206349206349206,"N2_TR_vs_UN",2.68253968253968
"P34341","kle-2",2312,477,0.206314878892734,"N2_TR_vs_UN",98.4121972318339
"P34522","pros-1",1224,251,0.205065359477124,"N2_TR_vs_UN",51.4714052287582
"P17512","mtl-2",890,182,0.204494382022472,"N2_TR_vs_UN",37.2179775280899
"Q09441","-",1830,374,0.204371584699454,"N2_TR_vs_UN",76.4349726775956
"G5EC14","epc-1",1795,366,0.203899721448468,"N2_TR_vs_UN",74.6272980501393
"P52906","unc-30",574,117,0.20383275261324,"N2_TR_vs_UN",23.8484320557491
"Q22909","ceh-30",94,19,0.202127659574468,"N2_TR_vs_UN",3.84042553191489
"Q11107","lin-13",3036,612,0.201581027667984,"N2_TR_vs_UN",123.367588932806
"O18065","zim-3",20,4,0.2,"N2_TR_vs_UN",0.8
"Q20709","tra-4",5,1,0.2,"N2_TR_vs_UN",0.2
"U4PEA1","-",1058,209,0.197542533081285,"N2_TR_vs_UN",41.2863894139887
"Q23045","egl-13",375,74,0.197333333333333,"N2_TR_vs_UN",14.6026666666667
"Q22093","tftc-5",284,56,0.197183098591549,"N2_TR_vs_UN",11.0422535211268
"Q21701","nhr-12",132,26,0.196969696969697,"N2_TR_vs_UN",5.12121212121212
"Q9BKT9","npp-13",56,11,0.196428571428571,"N2_TR_vs_UN",2.16071428571429
"B2D6M2","lin-61",520,102,0.196153846153846,"N2_TR_vs_UN",20.0076923076923
"G5ECN8","ces-1",2546,498,0.195600942655145,"N2_TR_vs_UN",97.4092694422624
"O17593","fkh-10",578,113,0.195501730103806,"N2_TR_vs_UN",22.0916955017301
"Q10661","dpy-30",375,73,0.194666666666667,"N2_TR_vs_UN",14.2106666666667
"G5EGE2","cog-1",36,7,0.194444444444444,"N2_TR_vs_UN",1.36111111111111
"O76561","-",36,7,0.194444444444444,"N2_TR_vs_UN",1.36111111111111
"Q21272","pax-1",108,21,0.194444444444444,"N2_TR_vs_UN",4.08333333333333
"G5EE07","xbp-1",1619,314,0.193946880790611,"N2_TR_vs_UN",60.899320568252
"Q19335","repo-1",26,5,0.192307692307692,"N2_TR_vs_UN",0.961538461538462
"O44131","-",177,34,0.192090395480226,"N2_TR_vs_UN",6.53107344632768
"Q17370","nhr-47",1700,326,0.191764705882353,"N2_TR_vs_UN",62.5152941176471
"O17617","fkh-4",246,47,0.191056910569106,"N2_TR_vs_UN",8.97967479674797
"P13528","unc-86",1170,223,0.190598290598291,"N2_TR_vs_UN",42.5034188034188
"A8WFJ9","ets-4",189,36,0.19047619047619,"N2_TR_vs_UN",6.85714285714286
"Q10924","fkh-6",21,4,0.19047619047619,"N2_TR_vs_UN",0.761904761904762
"Q69YW8","ceh-90",289,55,0.190311418685121,"N2_TR_vs_UN",10.4671280276817
"Q23541","rbr-2",948,180,0.189873417721519,"N2_TR_vs_UN",34.1772151898734
"H2L0N7","-",1419,269,0.189570119802678,"N2_TR_vs_UN",50.9943622269204
"Q95QD7","lin-54",3035,573,0.188797364085667,"N2_TR_vs_UN",108.180889621087
"Q93705","unc-3",16,3,0.1875,"N2_TR_vs_UN",0.5625
"P91547","duxl-1",891,167,0.187429854096521,"N2_TR_vs_UN",31.300785634119
"P20154","lin-11",821,153,0.186358099878197,"N2_TR_vs_UN",28.5127892813642
"Q93352","ceh-36",43,8,0.186046511627907,"N2_TR_vs_UN",1.48837209302326
"Q9XWS3","madf-10",581,108,0.185886402753873,"N2_TR_vs_UN",20.0757314974182
"O44505","-",1152,214,0.185763888888889,"N2_TR_vs_UN",39.7534722222222
"O45080","ceh-48",168,31,0.18452380952381,"N2_TR_vs_UN",5.7202380952381
"Q93520","-",2185,401,0.183524027459954,"N2_TR_vs_UN",73.5931350114416
"O62183","aly-2",564,103,0.182624113475177,"N2_TR_vs_UN",18.8102836879433
"Q11178","attf-4",55,10,0.181818181818182,"N2_TR_vs_UN",1.81818181818182
"Q20818","capg-2",132,24,0.181818181818182,"N2_TR_vs_UN",4.36363636363636
"Q22292","tbx-8",11,2,0.181818181818182,"N2_TR_vs_UN",0.363636363636364
"P30630","lin-9",2692,489,0.181649331352155,"N2_TR_vs_UN",88.8265230312036
"Q23482","lin-37",2318,420,0.181190681622088,"N2_TR_vs_UN",76.100086281277
"Q18037","-",955,173,0.181151832460733,"N2_TR_vs_UN",31.3392670157068
"Q19753","-",1209,219,0.181141439205955,"N2_TR_vs_UN",39.6699751861042
"Q10120","lin-52",2619,474,0.18098510882016,"N2_TR_vs_UN",85.786941580756
"G5ECT8","ceh-2",145,26,0.179310344827586,"N2_TR_vs_UN",4.66206896551724
"B9ZSG9","ztf-18",413,74,0.179176755447942,"N2_TR_vs_UN",13.2590799031477
"O01683","hmg-3",497,88,0.177062374245473,"N2_TR_vs_UN",15.5814889336016
"O02169","-",317,56,0.176656151419558,"N2_TR_vs_UN",9.89274447949527
"Q93246","dsc-1",963,170,0.176531671858775,"N2_TR_vs_UN",30.0103842159917
"A7DTF0","mrg-1",17,3,0.176470588235294,"N2_TR_vs_UN",0.529411764705882
"Q10007","hlh-6",17,3,0.176470588235294,"N2_TR_vs_UN",0.529411764705882
"Q11094","hlh-8",136,24,0.176470588235294,"N2_TR_vs_UN",4.23529411764706
"Q9U2V2","-",17,3,0.176470588235294,"N2_TR_vs_UN",0.529411764705882
"Q93348","irx-1",405,71,0.175308641975309,"N2_TR_vs_UN",12.4469135802469
"Q9XVN4","ceh-27",212,37,0.174528301886792,"N2_TR_vs_UN",6.45754716981132
"P41936","ceh-22",46,8,0.173913043478261,"N2_TR_vs_UN",1.39130434782609
"Q9N5H8","-",46,8,0.173913043478261,"N2_TR_vs_UN",1.39130434782609
"Q9GZC9","-",370,64,0.172972972972973,"N2_TR_vs_UN",11.0702702702703
"O17894","unc-39",58,10,0.172413793103448,"N2_TR_vs_UN",1.72413793103448
"Q20082","zfp-2",157,27,0.171974522292994,"N2_TR_vs_UN",4.64331210191083
"P90916","lin-53",756,130,0.171957671957672,"N2_TR_vs_UN",22.3544973544974
"Q10574","lin-32",35,6,0.171428571428571,"N2_TR_vs_UN",1.02857142857143
"O02274","ztf-11",397,68,0.171284634760705,"N2_TR_vs_UN",11.647355163728
"Q966B8","nhr-237",551,94,0.17059891107078,"N2_TR_vs_UN",16.0362976406534
"Q9XUB3","rec-8",47,8,0.170212765957447,"N2_TR_vs_UN",1.36170212765957
"Q22092","snpc-3.4",315,53,0.168253968253968,"N2_TR_vs_UN",8.91746031746032
"Q18694","unc-130",1156,193,0.166955017301038,"N2_TR_vs_UN",32.2223183391003
"O01519","ets-7",30,5,0.166666666666667,"N2_TR_vs_UN",0.833333333333333
"P17488","ceh-13",6,1,0.166666666666667,"N2_TR_vs_UN",0.166666666666667
"Q21192","lim-6",36,6,0.166666666666667,"N2_TR_vs_UN",1
"Q22696","-",6,1,0.166666666666667,"N2_TR_vs_UN",0.166666666666667
"Q9N360","-",42,7,0.166666666666667,"N2_TR_vs_UN",1.16666666666667
"Q9XVV3","nhr-67",103,17,0.16504854368932,"N2_TR_vs_UN",2.80582524271845
"Q17694","snpc-1.1",651,107,0.164362519201229,"N2_TR_vs_UN",17.5867895545315
"G5EF71","med-1",183,30,0.163934426229508,"N2_TR_vs_UN",4.91803278688525
"Q23521","-",309,50,0.161812297734628,"N2_TR_vs_UN",8.09061488673139
"Q9U263","set-26",236,38,0.161016949152542,"N2_TR_vs_UN",6.11864406779661
"Q21494","-",25,4,0.16,"N2_TR_vs_UN",0.64
"G4SGI5","oef-1",1237,197,0.159256265157639,"N2_TR_vs_UN",31.373484236055
"Q22812","ceh-39",365,58,0.158904109589041,"N2_TR_vs_UN",9.21643835616439
"G5EE86","ttx-3",19,3,0.157894736842105,"N2_TR_vs_UN",0.473684210526316
"Q20561","hlh-13",19,3,0.157894736842105,"N2_TR_vs_UN",0.473684210526316
"Q23175","ceh-32",38,6,0.157894736842105,"N2_TR_vs_UN",0.947368421052632
"P41934","ceh-18",153,24,0.156862745098039,"N2_TR_vs_UN",3.76470588235294
"Q95PX3","tbx-7",115,18,0.156521739130435,"N2_TR_vs_UN",2.81739130434783
"P20268","ceh-6",32,5,0.15625,"N2_TR_vs_UN",0.78125
"P09088","mec-3",13,2,0.153846153846154,"N2_TR_vs_UN",0.307692307692308
"O45134","xnd-1",867,133,0.153402537485582,"N2_TR_vs_UN",20.4025374855825
"Q22910","ceh-31",304,46,0.151315789473684,"N2_TR_vs_UN",6.96052631578947
"O02273","lsl-1",565,85,0.150442477876106,"N2_TR_vs_UN",12.787610619469
"Q21374","-",226,34,0.150442477876106,"N2_TR_vs_UN",5.11504424778761
"Q18248","dmd-4",140,21,0.15,"N2_TR_vs_UN",3.15
"Q7JNN6","snpc-1.3",551,82,0.148820326678766,"N2_TR_vs_UN",12.2032667876588
"G5EEL9","hmg-11",111,16,0.144144144144144,"N2_TR_vs_UN",2.30630630630631
"B2D6P4","tlf-1",98,14,0.142857142857143,"N2_TR_vs_UN",2
"H2KZM4","peb-1",14,2,0.142857142857143,"N2_TR_vs_UN",0.285714285714286
"P41935","ceh-10",7,1,0.142857142857143,"N2_TR_vs_UN",0.142857142857143
"Q22829","pat-9",7,1,0.142857142857143,"N2_TR_vs_UN",0.142857142857143
"Q8T3B9","sem-2",7,1,0.142857142857143,"N2_TR_vs_UN",0.142857142857143
"P41848","hmg-4",15,2,0.133333333333333,"N2_TR_vs_UN",0.266666666666667
"Q22173","attf-5",143,18,0.125874125874126,"N2_TR_vs_UN",2.26573426573427
"O01789","him-1",88,11,0.125,"N2_TR_vs_UN",1.375
"O01996","eyg-1",40,5,0.125,"N2_TR_vs_UN",0.625
"P34555","hlh-4",8,1,0.125,"N2_TR_vs_UN",0.125
"Q18512","-",8,1,0.125,"N2_TR_vs_UN",0.125
"Q966L8","che-1",8,1,0.125,"N2_TR_vs_UN",0.125
"Q18919","spr-1",97,12,0.123711340206186,"N2_TR_vs_UN",1.48453608247423
"O62412","nhr-232",34,4,0.117647058823529,"N2_TR_vs_UN",0.470588235294118
"G5EBL3","sdc-2",216,24,0.111111111111111,"N2_TR_vs_UN",2.66666666666667
"P56407","ceh-9",9,1,0.111111111111111,"N2_TR_vs_UN",0.111111111111111
"O44712","ahr-1",28,3,0.107142857142857,"N2_TR_vs_UN",0.321428571428571
"Q94165","ceh-34",86,9,0.104651162790698,"N2_TR_vs_UN",0.941860465116279
"P20271","ceh-14",76,7,0.0921052631578947,"N2_TR_vs_UN",0.644736842105263
"Q17768","spr-3",23,2,0.0869565217391304,"N2_TR_vs_UN",0.173913043478261
"O17828","prde-1",19,1,0.0526315789473684,"N2_TR_vs_UN",0.0526315789473684
"Q09555","daf-19",23,1,0.0434782608695652,"N2_TR_vs_UN",0.0434782608695652
"G5EDE0","-",1,0,0,"N2_TR_vs_UN",0
"O18214","mab-3",2,0,0,"N2_TR_vs_UN",0
"O44637","nhr-179",1,0,0,"N2_TR_vs_UN",0
"O45103","snai-1",4,0,0,"N2_TR_vs_UN",0
"Q18273","ceh-43",1,0,0,"N2_TR_vs_UN",0
"Q18277","hlh-12",3,0,0,"N2_TR_vs_UN",0
"Q18419","-",8,0,0,"N2_TR_vs_UN",0
"Q21361","atf-2",1,0,0,"N2_TR_vs_UN",0
"Q21578","pha-2",4,0,0,"N2_TR_vs_UN",0
"Q21836","alr-1",12,0,0,"N2_TR_vs_UN",0
"Q27511","htz-1",3,0,0,"N2_TR_vs_UN",0
"Q94126","ces-2",1,0,0,"N2_TR_vs_UN",0
"Q95QI7","daf-3",1,0,0,"N2_TR_vs_UN",0
"Q9NH52","mes-4",2,0,0,"N2_TR_vs_UN",0
